{"paths": {"admin/js/vendor/select2/i18n/pt.js": "admin/js/vendor/select2/i18n/pt.5d6ccc53b347.js", "admin/js/vendor/select2/i18n/vi.js": "admin/js/vendor/select2/i18n/vi.3520aa7bdea8.js", "admin/js/vendor/select2/i18n/lv.js": "admin/js/vendor/select2/i18n/lv.07fe2a580d17.js", "admin/js/vendor/select2/i18n/gl.js": "admin/js/vendor/select2/i18n/gl.78a87f7c0a51.js", "admin/js/vendor/select2/i18n/pl.js": "admin/js/vendor/select2/i18n/pl.76465b54a6b0.js", "admin/js/vendor/select2/i18n/el.js": "admin/js/vendor/select2/i18n/el.5629ce65500f.js", "admin/js/vendor/select2/i18n/et.js": "admin/js/vendor/select2/i18n/et.c3953fb90b6b.js", "admin/js/vendor/select2/i18n/is.js": "admin/js/vendor/select2/i18n/is.808c7d47acb5.js", "admin/js/vendor/select2/i18n/ko.js": "admin/js/vendor/select2/i18n/ko.74b17541834f.js", "admin/js/vendor/select2/i18n/hr.js": "admin/js/vendor/select2/i18n/hr.e1d2c70b4df5.js", "admin/js/vendor/select2/i18n/ms.js": "admin/js/vendor/select2/i18n/ms.23e7b4369579.js", "admin/js/vendor/select2/i18n/fi.js": "admin/js/vendor/select2/i18n/fi.659847deefdc.js", "admin/js/vendor/select2/i18n/th.js": "admin/js/vendor/select2/i18n/th.2a4ece4c4355.js", "admin/js/vendor/select2/i18n/ru.js": "admin/js/vendor/select2/i18n/ru.d83609abf2e0.js", "admin/js/vendor/select2/i18n/eu.js": "admin/js/vendor/select2/i18n/eu.11b925456433.js", "admin/js/vendor/select2/i18n/mk.js": "admin/js/vendor/select2/i18n/mk.4986d7fc3ff3.js", "admin/js/vendor/select2/i18n/ja.js": "admin/js/vendor/select2/i18n/ja.19cf1ce8a03d.js", "admin/js/vendor/select2/i18n/he.js": "admin/js/vendor/select2/i18n/he.222d90ee0344.js", "admin/js/vendor/select2/i18n/bg.js": "admin/js/vendor/select2/i18n/bg.89cba4df3c86.js", "admin/js/vendor/select2/i18n/sr-Cyrl.js": "admin/js/vendor/select2/i18n/sr-Cyrl.2f3047aad49e.js", "admin/js/vendor/select2/i18n/id.js": "admin/js/vendor/select2/i18n/id.6ee6c9c64b94.js", "admin/js/vendor/select2/i18n/az.js": "admin/js/vendor/select2/i18n/az.498dc667b34e.js", "admin/js/vendor/select2/i18n/ca.js": "admin/js/vendor/select2/i18n/ca.2eaad4eb1950.js", "admin/js/vendor/select2/i18n/nb.js": "admin/js/vendor/select2/i18n/nb.137e184004aa.js", "admin/js/vendor/select2/i18n/zh-CN.js": "admin/js/vendor/select2/i18n/zh-CN.419002d3c6c1.js", "admin/js/vendor/select2/i18n/zh-TW.js": "admin/js/vendor/select2/i18n/zh-TW.c021537edf2c.js", "admin/js/vendor/select2/i18n/pt-BR.js": "admin/js/vendor/select2/i18n/pt-BR.9efbbac4fda8.js", "admin/js/vendor/select2/i18n/da.js": "admin/js/vendor/select2/i18n/da.cbf897a0ae53.js", "admin/js/vendor/select2/i18n/fa.js": "admin/js/vendor/select2/i18n/fa.98e52839b583.js", "admin/js/vendor/select2/i18n/de.js": "admin/js/vendor/select2/i18n/de.366d0aacb55f.js", "admin/js/vendor/select2/i18n/en.js": "admin/js/vendor/select2/i18n/en.05649b26c086.js", "admin/js/vendor/select2/i18n/sv.js": "admin/js/vendor/select2/i18n/sv.2b21bb3f6110.js", "admin/js/vendor/select2/i18n/hi.js": "admin/js/vendor/select2/i18n/hi.116a90b7111b.js", "admin/js/vendor/select2/i18n/uk.js": "admin/js/vendor/select2/i18n/uk.3d56f311192d.js", "admin/js/vendor/select2/i18n/cs.js": "admin/js/vendor/select2/i18n/cs.a68bcd293adc.js", "admin/js/vendor/select2/i18n/km.js": "admin/js/vendor/select2/i18n/km.6074a9c5575c.js", "admin/js/vendor/select2/i18n/fr.js": "admin/js/vendor/select2/i18n/fr.b06a3340de45.js", "admin/js/vendor/select2/i18n/nl.js": "admin/js/vendor/select2/i18n/nl.c363ace8aa05.js", "admin/js/vendor/select2/i18n/sr.js": "admin/js/vendor/select2/i18n/sr.157bc6eb978e.js", "admin/js/vendor/select2/i18n/hu.js": "admin/js/vendor/select2/i18n/hu.db45641f10b2.js", "admin/js/vendor/select2/i18n/lt.js": "admin/js/vendor/select2/i18n/lt.a0783b1bd159.js", "admin/js/vendor/select2/i18n/ar.js": "admin/js/vendor/select2/i18n/ar.a8bb27ec698c.js", "admin/js/vendor/select2/i18n/sk.js": "admin/js/vendor/select2/i18n/sk.a0f1a818d092.js", "admin/js/vendor/select2/i18n/it.js": "admin/js/vendor/select2/i18n/it.bae1661dbb77.js", "admin/js/vendor/select2/i18n/es.js": "admin/js/vendor/select2/i18n/es.dc9dbf9d65df.js", "admin/js/vendor/select2/i18n/ro.js": "admin/js/vendor/select2/i18n/ro.1ddc2b9980dc.js", "admin/js/vendor/select2/i18n/tr.js": "admin/js/vendor/select2/i18n/tr.c1925d8817db.js", "assets/scss/bootstrap/mixins/_reset-text.scss": "assets/scss/bootstrap/mixins/_reset-text.c0b0f39e5df3.scss", "assets/scss/bootstrap/mixins/_hover.scss": "assets/scss/bootstrap/mixins/_hover.f5644981a50e.scss", "assets/scss/bootstrap/mixins/_image.scss": "assets/scss/bootstrap/mixins/_image.4b36d87b0e03.scss", "assets/scss/bootstrap/mixins/_badge.scss": "assets/scss/bootstrap/mixins/_badge.89f5463b8a3c.scss", "assets/scss/bootstrap/mixins/_lists.scss": "assets/scss/bootstrap/mixins/_lists.c7e34a356a86.scss", "assets/scss/bootstrap/mixins/_float.scss": "assets/scss/bootstrap/mixins/_float.6780a52aed9b.scss", "assets/scss/bootstrap/mixins/_gradients.scss": "assets/scss/bootstrap/mixins/_gradients.a01a87920677.scss", "assets/scss/bootstrap/mixins/_text-truncate.scss": "assets/scss/bootstrap/mixins/_text-truncate.c51a1018bf42.scss", "assets/scss/bootstrap/mixins/_navbar-align.scss": "assets/scss/bootstrap/mixins/_navbar-align.5d1c5c7e48d2.scss", "assets/scss/bootstrap/mixins/_text-emphasis.scss": "assets/scss/bootstrap/mixins/_text-emphasis.a85378d3b236.scss", "assets/scss/bootstrap/mixins/_table-row.scss": "assets/scss/bootstrap/mixins/_table-row.60382810086b.scss", "assets/scss/bootstrap/mixins/_background-variant.scss": "assets/scss/bootstrap/mixins/_background-variant.a8951be7f19a.scss", "assets/scss/bootstrap/mixins/_breakpoints.scss": "assets/scss/bootstrap/mixins/_breakpoints.514854670e44.scss", "assets/scss/bootstrap/mixins/_box-shadow.scss": "assets/scss/bootstrap/mixins/_box-shadow.0734cb894c29.scss", "assets/scss/bootstrap/mixins/_forms.scss": "assets/scss/bootstrap/mixins/_forms.6a45e5c5432d.scss", "assets/scss/bootstrap/mixins/_buttons.scss": "assets/scss/bootstrap/mixins/_buttons.1223d4e35baa.scss", "assets/scss/bootstrap/mixins/_transition.scss": "assets/scss/bootstrap/mixins/_transition.ecac75471a51.scss", "assets/scss/bootstrap/mixins/_grid-framework.scss": "assets/scss/bootstrap/mixins/_grid-framework.0c91aa8c3829.scss", "assets/scss/bootstrap/mixins/_caret.scss": "assets/scss/bootstrap/mixins/_caret.d5f316619913.scss", "assets/scss/bootstrap/mixins/_resize.scss": "assets/scss/bootstrap/mixins/_resize.af032cea5fd5.scss", "assets/scss/bootstrap/mixins/_screen-reader.scss": "assets/scss/bootstrap/mixins/_screen-reader.8453005d9b7f.scss", "assets/scss/bootstrap/mixins/_nav-divider.scss": "assets/scss/bootstrap/mixins/_nav-divider.cc264bfe3dc3.scss", "assets/scss/bootstrap/mixins/_list-group.scss": "assets/scss/bootstrap/mixins/_list-group.ee1ffb39b753.scss", "assets/scss/bootstrap/mixins/_pagination.scss": "assets/scss/bootstrap/mixins/_pagination.dac3e7dbc8c3.scss", "assets/scss/bootstrap/mixins/_clearfix.scss": "assets/scss/bootstrap/mixins/_clearfix.f8d39651a105.scss", "assets/scss/bootstrap/mixins/_grid.scss": "assets/scss/bootstrap/mixins/_grid.757a3a445501.scss", "assets/scss/bootstrap/mixins/_text-hide.scss": "assets/scss/bootstrap/mixins/_text-hide.a7eb1ac7091f.scss", "assets/scss/bootstrap/mixins/_alert.scss": "assets/scss/bootstrap/mixins/_alert.2bed73c51e64.scss", "assets/scss/bootstrap/mixins/_border-radius.scss": "assets/scss/bootstrap/mixins/_border-radius.534186d88eaa.scss", "assets/scss/bootstrap/mixins/_size.scss": "assets/scss/bootstrap/mixins/_size.d21a0400871d.scss", "assets/scss/bootstrap/mixins/_visibility.scss": "assets/scss/bootstrap/mixins/_visibility.7f31029762c0.scss", "assets/scss/bootstrap/utilities/_background.scss": "assets/scss/bootstrap/utilities/_background.e733cf333823.scss", "assets/scss/bootstrap/utilities/_float.scss": "assets/scss/bootstrap/utilities/_float.d15b3c16fde3.scss", "assets/scss/bootstrap/utilities/_borders.scss": "assets/scss/bootstrap/utilities/_borders.6123570eafb2.scss", "assets/scss/bootstrap/utilities/_flex.scss": "assets/scss/bootstrap/utilities/_flex.f18428e932f1.scss", "assets/scss/bootstrap/utilities/_clearfix.scss": "assets/scss/bootstrap/utilities/_clearfix.01ed6cc70519.scss", "assets/scss/bootstrap/utilities/_align.scss": "assets/scss/bootstrap/utilities/_align.2d85a42f5904.scss", "assets/scss/bootstrap/utilities/_screenreaders.scss": "assets/scss/bootstrap/utilities/_screenreaders.84c388e27d90.scss", "assets/scss/bootstrap/utilities/_embed.scss": "assets/scss/bootstrap/utilities/_embed.8dffa88a0a58.scss", "assets/scss/bootstrap/utilities/_sizing.scss": "assets/scss/bootstrap/utilities/_sizing.11d1d5fcb17b.scss", "assets/scss/bootstrap/utilities/_position.scss": "assets/scss/bootstrap/utilities/_position.fbee79568d6d.scss", "assets/scss/bootstrap/utilities/_visibility.scss": "assets/scss/bootstrap/utilities/_visibility.efe6b7991e3b.scss", "assets/scss/bootstrap/utilities/_text.scss": "assets/scss/bootstrap/utilities/_text.9b8ccdd3d61c.scss", "assets/scss/bootstrap/utilities/_spacing.scss": "assets/scss/bootstrap/utilities/_spacing.9db37aeb4306.scss", "assets/scss/bootstrap/utilities/_display.scss": "assets/scss/bootstrap/utilities/_display.bf608168df23.scss", "admin/css/vendor/select2/select2.min.css": "admin/css/vendor/select2/select2.min.d44571114a90.css", "admin/css/vendor/select2/LICENSE-SELECT2.md": "admin/css/vendor/select2/LICENSE-SELECT2.7cf1de939f3b.md", "admin/css/vendor/select2/select2.css": "admin/css/vendor/select2/select2.3805311d5fc1.css", "admin/js/vendor/jquery/jquery.min.js": "admin/js/vendor/jquery/jquery.min.a09e13ee94d5.js", "admin/js/vendor/jquery/LICENSE.txt": "admin/js/vendor/jquery/LICENSE.a158210a2737.txt", "admin/js/vendor/jquery/jquery.js": "admin/js/vendor/jquery/jquery.6a07da9fae93.js", "admin/js/vendor/xregexp/xregexp.min.js": "admin/js/vendor/xregexp/xregexp.min.c95393b8ca4d.js", "admin/js/vendor/xregexp/xregexp.js": "admin/js/vendor/xregexp/xregexp.1865b1cf5085.js", "admin/js/vendor/xregexp/LICENSE.txt": "admin/js/vendor/xregexp/LICENSE.d64cecf4f157.txt", "admin/js/vendor/select2/LICENSE.md": "admin/js/vendor/select2/LICENSE.7cf1de939f3b.md", "admin/js/vendor/select2/select2.full.min.js": "admin/js/vendor/select2/select2.full.min.da607360bcc6.js", "admin/js/vendor/select2/select2.full.js": "admin/js/vendor/select2/select2.full.a95323cb4760.js", "assets/js/vendor/index.html": "assets/js/vendor/index.d41d8cd98f00.html", "assets/js/vendor/jquery-1.11.3.min.js": "assets/js/vendor/jquery-1.11.3.min.f03e5a3bf534.js", "assets/js/vendor/modernizr-2.8.3.min.js": "assets/js/vendor/modernizr-2.8.3.min.da941a6e1e1d.js", "assets/js/vendor/jquery-2.1.4.min.js": "assets/js/vendor/jquery-2.1.4.min.f9c7afd05729.js", "assets/scss/bootstrap/_code.scss": "assets/scss/bootstrap/_code.f4c4406d8d5d.scss", "assets/scss/bootstrap/_functions.scss": "assets/scss/bootstrap/_functions.51dbb86c95a0.scss", "assets/scss/bootstrap/_jumbotron.scss": "assets/scss/bootstrap/_jumbotron.df9d9701ed53.scss", "assets/scss/bootstrap/_navbar.scss": "assets/scss/bootstrap/_navbar.b256f7330332.scss", "assets/scss/bootstrap/_variables.scss": "assets/scss/bootstrap/_variables.91d5a03743b8.scss", "assets/scss/bootstrap/_progress.scss": "assets/scss/bootstrap/_progress.9aacb87c272d.scss", "assets/scss/bootstrap/_popover.scss": "assets/scss/bootstrap/_popover.0e0228c6f105.scss", "assets/scss/bootstrap/_input-group.scss": "assets/scss/bootstrap/_input-group.0ccd6fe37eca.scss", "assets/scss/bootstrap/_breadcrumb.scss": "assets/scss/bootstrap/_breadcrumb.e67829d9e6f9.scss", "assets/scss/bootstrap/_carousel.scss": "assets/scss/bootstrap/_carousel.92d128779d53.scss", "assets/scss/bootstrap/bootstrap.scss": "assets/scss/bootstrap/bootstrap.f91f2fe4f9c7.scss", "assets/scss/bootstrap/_badge.scss": "assets/scss/bootstrap/_badge.78ac7b067be8.scss", "assets/scss/bootstrap/bootstrap.css": "assets/scss/bootstrap/bootstrap.5bc89dc875b9.css", "assets/scss/bootstrap/bootstrap-grid.css.map": "assets/scss/bootstrap/bootstrap-grid.css.eec4fcf489a2.map", "assets/scss/bootstrap/_print.scss": "assets/scss/bootstrap/_print.ce45f14d190a.scss", "assets/scss/bootstrap/_media.scss": "assets/scss/bootstrap/_media.d2ea169e5ccb.scss", "assets/scss/bootstrap/_button-group.scss": "assets/scss/bootstrap/_button-group.4ebf7dd937ce.scss", "assets/scss/bootstrap/_reboot.scss": "assets/scss/bootstrap/_reboot.2719ca6bf3f2.scss", "assets/scss/bootstrap/_utilities.scss": "assets/scss/bootstrap/_utilities.6796309c0a9a.scss", "assets/scss/bootstrap/bootstrap.css.map": "assets/scss/bootstrap/bootstrap.css.277aa60e0198.map", "assets/scss/bootstrap/_forms.scss": "assets/scss/bootstrap/_forms.7e5475cf760e.scss", "assets/scss/bootstrap/_buttons.scss": "assets/scss/bootstrap/_buttons.b0b78ba3aa81.scss", "assets/scss/bootstrap/_tables.scss": "assets/scss/bootstrap/_tables.2230a8924b71.scss", "assets/scss/bootstrap/_images.scss": "assets/scss/bootstrap/_images.6f9869d23c47.scss", "assets/scss/bootstrap/_close.scss": "assets/scss/bootstrap/_close.2c16a063afcf.scss", "assets/scss/bootstrap/_list-group.scss": "assets/scss/bootstrap/_list-group.9154101f4424.scss", "assets/scss/bootstrap/bootstrap-grid.scss": "assets/scss/bootstrap/bootstrap-grid.274461f8ca2d.scss", "assets/scss/bootstrap/_pagination.scss": "assets/scss/bootstrap/_pagination.9f22c20ea958.scss", "assets/scss/bootstrap/_card.scss": "assets/scss/bootstrap/_card.41eb43b7b0b0.scss", "assets/scss/bootstrap/_grid.scss": "assets/scss/bootstrap/_grid.7a62e00e17b1.scss", "assets/scss/bootstrap/bootstrap-reboot.css": "assets/scss/bootstrap/bootstrap-reboot.0019f131683e.css", "assets/scss/bootstrap/_mixins.scss": "assets/scss/bootstrap/_mixins.b7fb3d435957.scss", "assets/scss/bootstrap/_custom-forms.scss": "assets/scss/bootstrap/_custom-forms.1f44f14485ac.scss", "assets/scss/bootstrap/_nav.scss": "assets/scss/bootstrap/_nav.c4fa79df95fd.scss", "assets/scss/bootstrap/_alert.scss": "assets/scss/bootstrap/_alert.dd22db16d3b4.scss", "assets/scss/bootstrap/bootstrap-grid.css": "assets/scss/bootstrap/bootstrap-grid.fee366a4f28f.css", "assets/scss/bootstrap/_transitions.scss": "assets/scss/bootstrap/_transitions.43d30cfbc49b.scss", "assets/scss/bootstrap/_tooltip.scss": "assets/scss/bootstrap/_tooltip.714dd7c35859.scss", "assets/scss/bootstrap/_root.scss": "assets/scss/bootstrap/_root.111c0270ee49.scss", "assets/scss/bootstrap/_modal.scss": "assets/scss/bootstrap/_modal.88ebbce9818d.scss", "assets/scss/bootstrap/_type.scss": "assets/scss/bootstrap/_type.e0fe044d4583.scss", "assets/scss/bootstrap/_dropdown.scss": "assets/scss/bootstrap/_dropdown.e5e643b95d02.scss", "assets/scss/bootstrap/bootstrap-reboot.scss": "assets/scss/bootstrap/bootstrap-reboot.bac2fbef9aef.scss", "assets/scss/bootstrap/bootstrap-reboot.css.map": "assets/scss/bootstrap/bootstrap-reboot.css.953f91484d94.map", "assets/fonts/icomoon/icomoon.ttf": "assets/fonts/icomoon/icomoon.a1551905f481.ttf", "assets/fonts/icomoon/index.html": "assets/fonts/icomoon/index.d41d8cd98f00.html", "assets/fonts/icomoon/icomoon.woff": "assets/fonts/icomoon/icomoon.3c04f3ea24a9.woff", "assets/fonts/icomoon/icomoon.eot": "assets/fonts/icomoon/icomoon.35a7a9ba1333.eot", "assets/fonts/icomoon/icomoon.svg": "assets/fonts/icomoon/icomoon.a62d8fae4b03.svg", "assets/fonts/codropsicons/index.html": "assets/fonts/codropsicons/index.d41d8cd98f00.html", "assets/fonts/codropsicons/codropsicons.ttf": "assets/fonts/codropsicons/codropsicons.89060daed41f.ttf", "assets/fonts/codropsicons/codropsicons.eot": "assets/fonts/codropsicons/codropsicons.e0c41e218300.eot", "assets/fonts/codropsicons/codropsicons.svg": "assets/fonts/codropsicons/codropsicons.1958497a8eab.svg", "assets/fonts/codropsicons/codropsicons.woff": "assets/fonts/codropsicons/codropsicons.70b872279cb3.woff", "assets/fonts/codropsicons/license.txt": "assets/fonts/codropsicons/license.71989a368aa1.txt", "admin/js/admin/RelatedObjectLookups.js": "admin/js/admin/RelatedObjectLookups.ea0683bea064.js", "admin/js/admin/DateTimeShortcuts.js": "admin/js/admin/DateTimeShortcuts.e3407a6ea666.js", "admin/img/gis/move_vertex_on.svg": "admin/img/gis/move_vertex_on.0047eba25b67.svg", "admin/img/gis/move_vertex_off.svg": "admin/img/gis/move_vertex_off.7a23bf31ef8a.svg", "assets/css/bootstrap.min.css": "assets/css/bootstrap.min.4616756c400b.css", "assets/css/variables.css": "assets/css/variables.d41d8cd98f00.css", "assets/css/bootstrap.css": "assets/css/bootstrap.bb8c9968a479.css", "assets/css/bootstrap-select.css": "assets/css/bootstrap-select.99b558c43254.css", "assets/css/style.css.map": "assets/css/style.css.efeb38b2e385.map", "assets/css/animate.css": "assets/css/animate.57db4a2811f9.css", "assets/css/cs-skin-elastic.css": "assets/css/cs-skin-elastic.a5446faf244d.css", "assets/css/bootstrap.css.map": "assets/css/bootstrap.css.3840a5dfb9ac.map", "assets/css/bootstrap.min.css.map": "assets/css/bootstrap.min.css.45a815f95ced.map", "assets/css/themify-icons.css": "assets/css/themify-icons.643b471cac20.css", "assets/css/style.css": "assets/css/style.0856cd6e9bd5.css", "assets/css/font-awesome.min.css": "assets/css/font-awesome.min.bf0c425cdb73.css", "assets/css/normalize.css": "assets/css/normalize.bd2082a78900.css", "assets/js/index.html": "assets/js/index.d41d8cd98f00.html", "assets/js/plugins.js": "assets/js/plugins.73bc03cfd212.js", "assets/js/selectFx.js": "assets/js/selectFx.df2110687e5c.js", "assets/js/main.js": "assets/js/main.c4eeadd99713.js", "assets/js/chartjs.min.js": "assets/js/chartjs.min.88a41ecd6743.js", "assets/js/less.min.js": "assets/js/less.min.8f2acb000419.js", "assets/js/dashboard.js": "assets/js/dashboard.c85193344aec.js", "assets/js/widgets.js": "assets/js/widgets.f06f67507fc4.js", "assets/js/popper.min.js": "assets/js/popper.min.b59803a09ea7.js", "assets/scss/variables.scss": "assets/scss/variables.a0b3c8a82d13.scss", "assets/scss/_gauge.scss": "assets/scss/_gauge.9053a56837b2.scss", "assets/scss/variables.css": "assets/scss/variables.618122bc93bc.css", "assets/scss/socials.css": "assets/scss/socials.94194fb28fac.css", "assets/scss/widgets.css": "assets/scss/widgets.d41d8cd98f00.css", "assets/scss/style.css.map": "assets/scss/style.css.86776c706f6b.map", "assets/scss/_widgets.scss": "assets/scss/_widgets.10f9b21cb0c4.scss", "assets/scss/socials.scss": "assets/scss/socials.083956d2ca65.scss", "assets/scss/socials.css.map": "assets/scss/socials.css.647d6e0af8f8.map", "assets/scss/style.scss": "assets/scss/style.612c9dbb165f.scss", "assets/scss/style.css": "assets/scss/style.3805bc09e20c.css", "assets/scss/_switches.scss": "assets/scss/_switches.42aa09ad05ff.scss", "assets/fonts/fontawesome-webfont.svg": "assets/fonts/fontawesome-webfont.912ec66d7572.svg", "assets/fonts/FontAwesome.otf": "assets/fonts/FontAwesome.0d2717cd5d85.otf", "assets/fonts/glyphicons-halflings-regular.woff": "assets/fonts/glyphicons-halflings-regular.fa2772327f55.woff", "assets/fonts/index.html": "assets/fonts/index.d41d8cd98f00.html", "assets/fonts/glyphicons-halflings-regular.eot": "assets/fonts/glyphicons-halflings-regular.f4769f9bdb74.eot", "assets/fonts/themify.ttf": "assets/fonts/themify.e23a7dcaefbd.ttf", "assets/fonts/glyphicons-halflings-regular.woff2": "assets/fonts/glyphicons-halflings-regular.448c34a56d69.woff2", "assets/fonts/glyphicons-halflings-regular.ttf": "assets/fonts/glyphicons-halflings-regular.e18bbf611f2a.ttf", "assets/fonts/themify.eot": "assets/fonts/themify.2c454669bdf3.eot", "assets/fonts/fontawesome-webfont.woff2": "assets/fonts/fontawesome-webfont.af7ae505a9ee.woff2", "assets/fonts/themify.svg": "assets/fonts/themify.9c8e96ecc7fa.svg", "assets/fonts/fontawesome-webfont.ttf": "assets/fonts/fontawesome-webfont.b06871f281fe.ttf", "assets/fonts/fontawesome-webfont.woff": "assets/fonts/fontawesome-webfont.fee66e712a8a.woff", "assets/fonts/glyphicons-halflings-regular.svg": "assets/fonts/glyphicons-halflings-regular.89889688147b.svg", "assets/fonts/themify.woff": "assets/fonts/themify.a1ecc3b826d0.woff", "assets/fonts/fontawesome-webfont.eot": "assets/fonts/fontawesome-webfont.674f50d287a8.eot", "admin/css/widgets.css": "admin/css/widgets.5e372b41c483.css", "admin/css/login.css": "admin/css/login.a846c0e2ef65.css", "admin/css/dashboard.css": "admin/css/dashboard.7ac78187c567.css", "admin/css/responsive.css": "admin/css/responsive.d1e3572cb104.css", "admin/css/autocomplete.css": "admin/css/autocomplete.781713f30664.css", "admin/css/responsive_rtl.css": "admin/css/responsive_rtl.2a6652327ccd.css", "admin/css/forms.css": "admin/css/forms.2da17328804f.css", "admin/css/fonts.css": "admin/css/fonts.494e4ec545c9.css", "admin/css/rtl.css": "admin/css/rtl.306dbf6d5df6.css", "admin/css/base.css": "admin/css/base.4e3bba263270.css", "admin/css/changelists.css": "admin/css/changelists.f6dc691f8d62.css", "admin/js/urlify.js": "admin/js/urlify.4087f3e18796.js", "admin/js/inlines.min.js": "admin/js/inlines.min.4d23f8660b21.js", "admin/js/core.js": "admin/js/core.9c3bce7d1006.js", "admin/js/collapse.js": "admin/js/collapse.acba97a53595.js", "admin/js/actions.js": "admin/js/actions.2fb8e8349c22.js", "admin/js/prepopulate.js": "admin/js/prepopulate.2f90da7170ec.js", "admin/js/cancel.js": "admin/js/cancel.d6b4b556c3aa.js", "admin/js/autocomplete.js": "admin/js/autocomplete.cfd2c4dc8981.js", "admin/js/inlines.js": "admin/js/inlines.3b3fb199b064.js", "admin/js/change_form.js": "admin/js/change_form.9e85003a1a38.js", "admin/js/SelectFilter2.js": "admin/js/SelectFilter2.bf63c55b78f6.js", "admin/js/jquery.init.js": "admin/js/jquery.init.95b62fa19378.js", "admin/js/popup_response.js": "admin/js/popup_response.6ce3197f8fc8.js", "admin/js/SelectBox.js": "admin/js/SelectBox.b49f008d186b.js", "admin/js/actions.min.js": "admin/js/actions.min.5fa8cb0403f1.js", "admin/js/calendar.js": "admin/js/calendar.aae57adab5f6.js", "admin/js/timeparse.js": "admin/js/timeparse.51258861a46a.js", "admin/js/prepopulate.min.js": "admin/js/prepopulate.min.85fd5e0fb706.js", "admin/js/collapse.min.js": "admin/js/collapse.min.2ee8a0086864.js", "admin/js/prepopulate_init.js": "admin/js/prepopulate_init.0d3b53c37074.js", "admin/img/search.svg": "admin/img/search.7cf54ff789c6.svg", "admin/img/icon-calendar.svg": "admin/img/icon-calendar.ac7aea671bea.svg", "admin/img/icon-clock.svg": "admin/img/icon-clock.e1d4dfac3f2b.svg", "admin/img/icon-no.svg": "admin/img/icon-no.439e821418cd.svg", "admin/img/tooltag-add.svg": "admin/img/tooltag-add.e59d620a9742.svg", "admin/img/inline-delete.svg": "admin/img/inline-delete.fec1b761f254.svg", "admin/img/LICENSE": "admin/img/LICENSE.2c54f4e1ca1c", "admin/img/icon-changelink.svg": "admin/img/icon-changelink.18d2fd706348.svg", "admin/img/icon-unknown.svg": "admin/img/icon-unknown.a18cb4398978.svg", "admin/img/sorting-icons.svg": "admin/img/sorting-icons.3a097b59f104.svg", "admin/img/icon-viewlink.svg": "admin/img/icon-viewlink.41eb31f7826e.svg", "admin/img/icon-yes.svg": "admin/img/icon-yes.d2f9f035226a.svg", "admin/img/icon-addlink.svg": "admin/img/icon-addlink.d519b3bab011.svg", "admin/img/icon-unknown-alt.svg": "admin/img/icon-unknown-alt.81536e128bb6.svg", "admin/img/icon-deletelink.svg": "admin/img/icon-deletelink.564ef9dc3854.svg", "admin/img/README.txt": "admin/img/README.a70711a38d87.txt", "admin/img/selector-icons.svg": "admin/img/selector-icons.b4555096cea2.svg", "admin/img/calendar-icons.svg": "admin/img/calendar-icons.39b290681a8b.svg", "admin/img/tooltag-arrowright.svg": "admin/img/tooltag-arrowright.bbfb788a849e.svg", "admin/img/icon-alert.svg": "admin/img/icon-alert.034cc7d8a67f.svg", "admin/fonts/Roboto-Light-webfont.woff": "admin/fonts/Roboto-Light-webfont.b446c2399bb6.woff", "admin/fonts/Roboto-Bold-webfont.woff": "admin/fonts/Roboto-Bold-webfont.2ad99072841e.woff", "admin/fonts/Roboto-Regular-webfont.woff": "admin/fonts/Roboto-Regular-webfont.ec39515ae8c6.woff", "admin/fonts/README.txt": "admin/fonts/README.2c3d0bcdede2.txt", "admin/fonts/LICENSE.txt": "admin/fonts/LICENSE.d273d63619c9.txt", "images/logo.png": "images/logo.913be20318b5.png", "images/logo2.png": "images/logo2.2c59459900b0.png", "import_export/action_formats.js": "import_export/action_formats.68294db6d085.js"}, "version": "1.0"}